{
    "root_group": {
        "name": "",
        "path": "",
        "id": "d41d8cd98f00b204e9800998ecf8427e",
        "groups": {},
        "checks": {
                "status is 101": {
                    "name": "status is 101",
                    "path": "::status is 101",
                    "id": "b26b36ccbc717178372f638aae5b6111",
                    "passes": 3236,
                    "fails": 250
                }
            }
    },
    "metrics": {
        "round_trip_latency": {
            "p(95)": 3960.499999999999,
            "avg": 1147.9883272957277,
            "min": 100,
            "med": 521,
            "max": 10361,
            "p(90)": 2974
        },
        "vus_max": {
            "value": 1000,
            "min": 1000,
            "max": 1000
        },
        "data_received": {
            "count": 2027236603,
            "rate": 16892972.35289832
        },
        "data_sent": {
            "count": 2552784,
            "rate": 21272.36133715428
        },
        "ws_session_duration": {
            "min": 7781.712625,
            "med": 15153.2256875,
            "max": 30026.037125,
            "p(90)": 18976.036875,
            "p(95)": 19918.957572749998,
            "avg": 15801.81597122032
        },
        "ws_connecting": {
            "avg": 3471.968696507296,
            "min": 0.148583,
            "med": 165.886791,
            "max": 37934.956,
            "p(90)": 10909.038182999999,
            "p(95)": 22490.2380162
        },
        "ws_msgs_received": {
            "rate": 69970.60807544329,
            "count": 8396804
        },
        "messages_sent": {
            "count": 17585,
            "rate": 146.53588948922354
        },
        "checks": {
            "passes": 3236,
            "fails": 250,
            "value": 0.9282845668387837
        },
        "iteration_duration": {
            "p(90)": 19007.046375,
            "p(95)": 19918.99646825,
            "avg": 15823.294435370919,
            "min": 7781.803458,
            "med": 15192.648625000002,
            "max": 30026.152833
        },
        "iterations": {
            "count": 3486,
            "rate": 29.048854748901523
        },
        "ws_sessions": {
            "count": 3769,
            "rate": 31.407095108608676
        },
        "connect_time": {
            "p(95)": 22210.1,
            "avg": 2811.882637112816,
            "min": 0,
            "med": 110,
            "max": 37935,
            "p(90)": 6450.200000000001
        },
        "vus": {
            "value": 283,
            "min": 17,
            "max": 999
        },
        "ws_msgs_sent": {
            "count": 21104,
            "rate": 175.85973339667748
        }
    }
}